{
  "temperature": 0.5799999999999998,
  "top_k": 38,
  "top_p": 0.95,
  "repetition_penalty": 1.0799999999999998
}